{
    "YoutubeDLMaterial": {
      "Host": {
        "url": "https://example.com",
        "port": "17442"
      },
      "Encryption": {
        "use-encryption": true,
        "cert-file-path": "/etc/letsencrypt/live/example.com/fullchain.pem",
        "key-file-path": "/etc/letsencrypt/live/example.com/privkey.pem"
      },
      "Downloader": {
        "path-audio": "audio/",
        "path-video": "video/"
      },
      "Extra": {
        "title_top": "Youtube Downloader",
        "file_manager_enabled": true,
        "allow_quality_select": true,
        "download_only_mode": false,
        "allow_multi_download_mode": true
      },
      "API": {
        "use_youtube_API": false,
        "youtube_API_key": ""
      },
      "Themes": {
        "default_theme": "default",
        "allow_theme_change": true
      },
      "Advanced": {
        "use_default_downloading_agent": true,
        "custom_downloading_agent": "",
        "allow_advanced_download": false
      }
    }
  }
